parent_id,orf_id,strand,frame,amino_acid_sequence,nucleotide_sequence,amino_acid_length,nucleotide_length,nucleotide_start,nucleotide_end,id,gc_content
seq_0,ORF.1,+,1,MVLSPADKTNVKAAWGK,ATGGTGCTGAGCCCGGCGGACAAGACCAACGTGAAGGCGGCGTGGGGCAAGTGA,17,54,1,54,seq_0_ORF.1,64.81481481481481
seq_1,ORF.1,+,2,VTGKTLALPNLIALQHIPLSPAGVIAKRPAPIALPNSCAA,GTGACTGGGAAAACCCTGGCGTTACCCAACTTAATCGCCTTGCAGCACATCCCCCTTTCGCCAGCTGGCGTAATAGCGAAGAGGCCCGCACCGATCGCCCTTCCCAACAGTTGCGCAGCCTGA,40,123,44,166,seq_1_ORF.1,59.34959349593496
seq_1,ORF.2,-,1,LGRAIGAGLFAITPAGERGMCCKAIKLGNARVFPVTTL,TTGGGAAGGGCGATCGGTGCGGGCCTCTTCGCTATTACGCCAGCTGGCGAAAGGGGGATGTGCTGCAAGGCGATTAAGTTGGGTAACGCCAGGGTTTTCCCAGTCACGACGTTGTAA,38,117,34,150,seq_1_ORF.2,57.26495726495727
seq_1,ORF.3,-,1,VPETRQSAIRHSGCATVGKGDRCGPLRYYASWRKGDVLQGD,GTGCCGGAAACCAGGCAAAGCGCCATTCGCCATTCAGGCTGCGCAACTGTTGGGAAGGGCGATCGGTGCGGGCCTCTTCGCTATTACGCCAGCTGGCGAAAGGGGGATGTGCTGCAAGGCGATTAA,41,126,74,199,seq_1_ORF.3,60.317460317460316
seq_2,ORF.1,+,2,LSQFLLN,TTGTCCCAATTCTTGTTGAATTAG,7,24,32,55,seq_2_ORF.1,33.333333333333336
seq_2,ORF.2,-,1,VPINITI,GTGCCCATTAACATCACCATCTAA,7,24,52,75,seq_2_ORF.2,41.666666666666664
seq_2,ORF.3,-,1,MEQVVFQ,ATGGAACAGGTAGTTTTCCAGTAG,7,24,146,169,seq_2_ORF.3,41.666666666666664
seq_2,ORF.4,-,1,MLHHLHPLH,ATGTTGCATCACCTTCACCCTCTCCACTGA,9,30,86,115,seq_2_ORF.4,50.0
seq_2,ORF.5,-,1,LGQLQ,TTGGGACAACTCCAGTGA,5,18,23,40,seq_2_ORF.5,50.0
