sequence_id,tss_name,tss,strand,dG_total,Tx_rate,promoter_sequence,length,UP_start,UP_end,hex35_start,hex35_end,spacer_start,spacer_end,hex10_start,hex10_end,disc_start,disc_end
seq_0,Fwd69,69,+,-4.6412749086091365,83433.27987627104,AAAAAAAAAAAAAAAAAAAAAAAAATTGACAGCTAGCTCAGTCCTAGGTATAATGCTAGCAAAAAAAAAAAAAAAAAAAAAAAA,84,5,29,30,36,36,53,53,59,59,69
seq_0,Rev67,28,-,-2.043010820845207,1188.5372929668847,TTTTTTTTTTTTTTTTTTTTTTTGCTAGCATTATACCTAGGACTGAGCTAGCTGTCAATTTTTTTTTTTTTTTTTTTTTT,80,88,64,63,57,57,40,40,34,34,28
seq_0,Fwd62,62,+,-1.9213182698713454,973.9531902715864,AAAAAAAAAAAAAAAAAAAAAAAAAAAATTGACAGCTAGCTCAGTCCTAGGTATAATGCTAGCAAAAAAAAAAAAAAAAA,80,2,26,27,33,33,50,50,56,56,62
seq_0,Fwd61,61,+,-1.8833103447692743,915.2287461703096,AAAAAAAAAAAAAAAAAAAAAAAAAAAAAATTGACAGCTAGCTCAGTCCTAGGTATAATGCTAGCAAAAAAAAAAAAAAAA,81,0,24,25,31,31,48,48,54,54,61
seq_0,Rev63,32,-,-1.8392676373103454,851.5946093397464,TTTTTTTTTTTTTTTTTTTTTTTTTTTGCTAGCATTATACCTAGGACTGAGCTAGCTGTCAATTTTTTTTTTTTTTTTTT,80,92,68,67,61,61,45,45,39,39,32
seq_0,Fwd75,75,+,-1.7632733475463769,752.0234099939726,AAAAAAAAAAAAAAAAATTGACAGCTAGCTCAGTCCTAGGTATAATGCTAGCAAAAAAAAAAAAAAAAAAAAAAAAAAAAAA,82,13,37,38,44,44,61,61,67,67,75
seq_0,Rev60,35,-,-1.5632176143665775,542.0904455495852,TTTTTTTTTTTTTTTTTTTTTTTTTTTTTTGCTAGCATTATACCTAGGACTGAGCTAGCTGTCAATTTTTTTTTTTTTTT,80,95,71,70,64,64,48,48,42,42,35
seq_0,Rev74,21,-,-1.4066403076364185,419.57337003078027,TTTTTTTTTTTTTTTTGCTAGCATTATACCTAGGACTGAGCTAGCTGTCAATTTTTTTTTTTTTTTTTTTTTTTTTTTTT,80,81,57,56,50,50,33,33,27,27,21
seq_0,Rev72,23,-,-1.3901485080833376,408.402924242823,TTTTTTTTTTTTTTTTTGCTAGCATTATACCTAGGACTGAGCTAGCTGTCAATTTTTTTTTTTTTTTTTTTTTTTTTTT,79,82,58,57,51,51,35,35,29,29,23
seq_1,Fwd69,69,+,-2.7068679779184874,3521.6786132903026,AAAAAAAAAAAAAAAAAAAAAAAAACTGATGGCTAGCTCAGTCCTAGGGATTATGCTAGCAAAAAAAAAAAAAAAAAAAAAAAA,84,5,29,30,36,36,53,53,59,59,69
seq_1,Fwd72,72,+,-2.539591204030556,2678.445670983742,AAAAAAAAAAAAAAAAAAAAAACTGATGGCTAGCTCAGTCCTAGGGATTATGCTAGCAAAAAAAAAAAAAAAAAAAAAAAAAAA,84,8,32,33,39,39,56,56,62,62,72
seq_1,Fwd63,63,+,-1.9776263284117865,1067.9491928101834,AAAAAAAAAAAAAAAAAAAAAAAAAAAAACTGATGGCTAGCTCAGTCCTAGGGATTATGCTAGCAAAAAAAAAAAAAAAAAA,82,1,25,26,32,32,50,50,56,56,63
seq_1,Rev62,33,-,-1.8425326129137058,856.1561789674156,TTTTTTTTTTTTTTTTTTTTTTTTTTTGCTAGCATAATCCCTAGGACTGAGCTAGCCATCAGTTTTTTTTTTTTTTTTT,79,92,68,67,61,61,45,45,39,39,33
seq_1,Fwd73,73,+,-1.7960883415465223,793.5050506497503,AAAAAAAAAAAAAAAAAAAAACTGATGGCTAGCTCAGTCCTAGGGATTATGCTAGCAAAAAAAAAAAAAAAAAAAAAAAAAAAA,84,9,33,34,40,40,57,57,63,63,73
seq_1,Fwd75,75,+,-1.6793190671633775,655.5011336084035,AAAAAAAAAAAAAAAAACTGATGGCTAGCTCAGTCCTAGGGATTATGCTAGCAAAAAAAAAAAAAAAAAAAAAAAAAAAAAA,82,13,37,38,44,44,61,61,67,67,75
seq_1,Rev68,27,-,-1.6268103552154354,601.5347976456231,TTTTTTTTTTTTTTTTTTTTTTTGCTAGCATAATCCCTAGGACTGAGCTAGCCATCAGTTTTTTTTTTTTTTTTTTTTTTT,81,88,64,63,57,57,40,40,34,34,27
seq_1,Rev60,35,-,-1.5633788375453417,542.2334657618443,TTTTTTTTTTTTTTTTTTTTTTTTTTTTTTGCTAGCATAATCCCTAGGACTGAGCTAGCCATCAGTTTTTTTTTTTTTTT,80,95,71,70,64,64,48,48,42,42,35
seq_1,Rev74,21,-,-1.3506495395212168,382.8431450982256,TTTTTTTTTTTTTTTTGCTAGCATAATCCCTAGGACTGAGCTAGCCATCAGTTTTTTTTTTTTTTTTTTTTTTTTTTTTT,80,81,57,56,50,50,33,33,27,27,21
seq_1,Fwd59,59,+,-0.7501864019531341,143.32823734534256,AAAAAAAAAAAAAAAAAAAAAAAAAAAAAACTGATGGCTAGCTCAGTCCTAGGGATTATGCTAGCAAAAAAAAAAAAAA,79,0,24,25,31,31,46,46,52,52,59
